Date,Day
02/03/2020,1
03/03/2020,2
04/03/2020,3
05/03/2020,4
06/03/2020,5
07/03/2020,6
08/03/2020,7
09/03/2020,8
10/03/2020,9
11/03/2020,10
12/03/2020,11
13/03/2020,12
14/03/2020,13
15/03/2020,14
16/03/2020,15
17/03/2020,16
18/03/2020,17
19/03/2020,18
20/03/2020,19
21/03/2020,20
22/03/2020,21
23/03/2020,22
24/03/2020,23
25/03/2020,24
26/03/2020,25
27/03/2020,26
28/03/2020,27
29/03/2020,28
30/03/2020,29
31/03/2020,30
01/04/2020,31
02/04/2020,32
03/04/2020,33
04/04/2020,34
05/04/2020,35
06/04/2020,36
07/04/2020,37
08/04/2020,38
09/04/2020,39
10/04/2020,40
11/04/2020,41
12/04/2020,42
13/04/2020,43
14/04/2020,44
15/04/2020,45
16/04/2020,46
17/04/2020,47
18/04/2020,48
19/04/2020,49
20/04/2020,50
21/04/2020,51
22/04/2020,52
23/04/2020,53
24/04/2020,54
25/04/2020,55
26/04/2020,56
27/04/2020,57
28/04/2020,58
29/04/2020,59
30/04/2020,60
01/05/2020,61
02/05/2020,62
03/05/2020,63
04/05/2020,64
05/05/2020,65
06/05/2020,66
07/05/2020,67
08/05/2020,68
09/05/2020,69
10/05/2020,70
11/05/2020,71
12/05/2020,72
13/05/2020,73
14/05/2020,74
15/05/2020,75
16/05/2020,76
17/05/2020,77
18/05/2020,78
19/05/2020,79
20/05/2020,80
21/05/2020,81
22/05/2020,82
23/05/2020,83
24/05/2020,84
25/05/2020,85
26/05/2020,86
27/05/2020,87
28/05/2020,88
29/05/2020,89
30/05/2020,90
31/05/2020,91
01/06/2020,92
02/06/2020,93
03/06/2020,94
04/06/2020,95
05/06/2020,96
06/06/2020,97
07/06/2020,98
08/06/2020,99
09/06/2020,100
10/06/2020,101
11/06/2020,102
12/06/2020,103
13/06/2020,104
14/06/2020,105
15/06/2020,106
16/06/2020,107
17/06/2020,108
18/06/2020,109
19/06/2020,110
20/06/2020,111
21/06/2020,112
22/06/2020,113
23/06/2020,114
24/06/2020,115
25/06/2020,116
26/06/2020,117
27/06/2020,118
28/06/2020,119
29/06/2020,120
30/06/2020,121
01/07/2020,122
02/07/2020,123
03/07/2020,124
04/07/2020,125
05/07/2020,126
06/07/2020,127
07/07/2020,128
08/07/2020,129
09/07/2020,130
10/07/2020,131
11/07/2020,132
12/07/2020,133
13/07/2020,134
14/07/2020,135
15/07/2020,136
16/07/2020,137
17/07/2020,138
18/07/2020,139
19/07/2020,140
20/07/2020,141
21/07/2020,142
22/07/2020,143
23/07/2020,144
24/07/2020,145
25/07/2020,146
26/07/2020,147
27/07/2020,148
28/07/2020,149
29/07/2020,150
30/07/2020,151
31/07/2020,152
01/08/2020,153
02/08/2020,154
03/08/2020,155
04/08/2020,156
05/08/2020,157
06/08/2020,158
07/08/2020,159
08/08/2020,160
09/08/2020,161
10/08/2020,162
11/08/2020,163
12/08/2020,164
13/08/2020,165
14/08/2020,166
15/08/2020,167
16/08/2020,168
17/08/2020,169
18/08/2020,170
19/08/2020,171
20/08/2020,172
21/08/2020,173
22/08/2020,174
23/08/2020,175
24/08/2020,176
25/08/2020,177
26/08/2020,178
27/08/2020,179
28/08/2020,180
29/08/2020,181
30/08/2020,182
31/08/2020,183
01/09/2020,184
02/09/2020,185
03/09/2020,186
04/09/2020,187
05/09/2020,188
06/09/2020,189
07/09/2020,190
08/09/2020,191
09/09/2020,192
10/09/2020,193
11/09/2020,194
12/09/2020,195
13/09/2020,196
14/09/2020,197
15/09/2020,198
16/09/2020,199
17/09/2020,200
18/09/2020,201
19/09/2020,202
20/09/2020,203
21/09/2020,204
22/09/2020,205
23/09/2020,206
24/09/2020,207
25/09/2020,208
26/09/2020,209
27/09/2020,210
28/09/2020,211
29/09/2020,212
30/09/2020,213
01/10/2020,214
02/10/2020,215
03/10/2020,216
04/10/2020,217
05/10/2020,218
06/10/2020,219
07/10/2020,220
08/10/2020,221
09/10/2020,222
10/10/2020,223
11/10/2020,224
12/10/2020,225
13/10/2020,226
14/10/2020,227
15/10/2020,228
16/10/2020,229
17/10/2020,230
18/10/2020,231
19/10/2020,232
20/10/2020,233
21/10/2020,234
22/10/2020,235
23/10/2020,236
24/10/2020,237
25/10/2020,238
26/10/2020,239
27/10/2020,240
28/10/2020,241
29/10/2020,242
30/10/2020,243
31/10/2020,244
01/11/2020,245
02/11/2020,246
03/11/2020,247
04/11/2020,248
05/11/2020,249
06/11/2020,250
07/11/2020,251
08/11/2020,252
09/11/2020,253
10/11/2020,254
11/11/2020,255
12/11/2020,256
13/11/2020,257
14/11/2020,258
15/11/2020,259
16/11/2020,260
17/11/2020,261
18/11/2020,262
19/11/2020,263
20/11/2020,264
21/11/2020,265
22/11/2020,266
23/11/2020,267
24/11/2020,268
25/11/2020,269
26/11/2020,270
27/11/2020,271
28/11/2020,272
29/11/2020,273
30/11/2020,274
01/12/2020,275
02/12/2020,276
03/12/2020,277
04/12/2020,278
05/12/2020,279
06/12/2020,280
07/12/2020,281
08/12/2020,282
09/12/2020,283
10/12/2020,284
11/12/2020,285
12/12/2020,286
13/12/2020,287
14/12/2020,288
15/12/2020,289
16/12/2020,290
17/12/2020,291
18/12/2020,292
19/12/2020,293
20/12/2020,294
21/12/2020,295
22/12/2020,296
23/12/2020,297
24/12/2020,298
25/12/2020,299
26/12/2020,300
27/12/2020,301
28/12/2020,302
29/12/2020,303
30/12/2020,304
31/12/2020,305
01/01/2021,306
02/01/2021,307
03/01/2021,308
04/01/2021,309
05/01/2021,310
06/01/2021,311
07/01/2021,312
08/01/2021,313
09/01/2021,314
10/01/2021,315
11/01/2021,316
12/01/2021,317
13/01/2021,318
14/01/2021,319
15/01/2021,320
16/01/2021,321
17/01/2021,322
18/01/2021,323
19/01/2021,324
20/01/2021,325
21/01/2021,326
22/01/2021,327
23/01/2021,328
24/01/2021,329
25/01/2021,330
26/01/2021,331
27/01/2021,332
28/01/2021,333
29/01/2021,334
30/01/2021,335
31/01/2021,336
01/02/2021,337
02/02/2021,338
03/02/2021,339
04/02/2021,340
05/02/2021,341
06/02/2021,342
07/02/2021,343
08/02/2021,344
09/02/2021,345
10/02/2021,346
11/02/2021,347
12/02/2021,348
13/02/2021,349
14/02/2021,350
15/02/2021,351
16/02/2021,352
17/02/2021,353
18/02/2021,354
19/02/2021,355
20/02/2021,356
21/02/2021,357
22/02/2021,358
23/02/2021,359
24/02/2021,360
25/02/2021,361
26/02/2021,362
27/02/2021,363
28/02/2021,364
01/03/2021,365
02/03/2021,366
03/03/2021,367
04/03/2021,368
05/03/2021,369
06/03/2021,370
07/03/2021,371
08/03/2021,372
09/03/2021,373
10/03/2021,374
11/03/2021,375
12/03/2021,376
13/03/2021,377
14/03/2021,378
15/03/2021,379
16/03/2021,380
17/03/2021,381
18/03/2021,382
19/03/2021,383
20/03/2021,384
21/03/2021,385
22/03/2021,386
23/03/2021,387
24/03/2021,388
25/03/2021,389
26/03/2021,390
27/03/2021,391
28/03/2021,392
29/03/2021,393
30/03/2021,394
31/03/2021,395
01/04/2021,396
02/04/2021,397
03/04/2021,398
04/04/2021,399
05/04/2021,400
06/04/2021,401
07/04/2021,402
08/04/2021,403
09/04/2021,404
10/04/2021,405
11/04/2021,406
12/04/2021,407
13/04/2021,408
14/04/2021,409
15/04/2021,410
16/04/2021,411
17/04/2021,412
18/04/2021,413
19/04/2021,414
20/04/2021,415
21/04/2021,416
22/04/2021,417
23/04/2021,418
24/04/2021,419
25/04/2021,420
26/04/2021,421
27/04/2021,422
28/04/2021,423
29/04/2021,424
30/04/2021,425
01/05/2021,426
02/05/2021,427
03/05/2021,428
04/05/2021,429
05/05/2021,430
06/05/2021,431
07/05/2021,432
08/05/2021,433
09/05/2021,434
10/05/2021,435
11/05/2021,436
12/05/2021,437
13/05/2021,438
14/05/2021,439
15/05/2021,440
16/05/2021,441
17/05/2021,442
18/05/2021,443
19/05/2021,444
20/05/2021,445
21/05/2021,446
22/05/2021,447
23/05/2021,448
24/05/2021,449
25/05/2021,450
26/05/2021,451
27/05/2021,452
28/05/2021,453
29/05/2021,454
30/05/2021,455
31/05/2021,456
01/06/2021,457
02/06/2021,458
03/06/2021,459
04/06/2021,460
05/06/2021,461
06/06/2021,462
07/06/2021,463
08/06/2021,464
09/06/2021,465
10/06/2021,466
11/06/2021,467
12/06/2021,468
13/06/2021,469
14/06/2021,470
15/06/2021,471
16/06/2021,472
17/06/2021,473
18/06/2021,474
19/06/2021,475
20/06/2021,476
21/06/2021,477
22/06/2021,478
23/06/2021,479
24/06/2021,480
25/06/2021,481
26/06/2021,482
27/06/2021,483
28/06/2021,484
29/06/2021,485
30/06/2021,486
01/07/2021,487
02/07/2021,488
03/07/2021,489
04/07/2021,490
05/07/2021,491
06/07/2021,492
07/07/2021,493
08/07/2021,494
09/07/2021,495
10/07/2021,496
11/07/2021,497
12/07/2021,498
13/07/2021,499
14/07/2021,500
15/07/2021,501
16/07/2021,502
17/07/2021,503
18/07/2021,504
19/07/2021,505
20/07/2021,506
21/07/2021,507
22/07/2021,508
23/07/2021,509
24/07/2021,510
25/07/2021,511
26/07/2021,512
27/07/2021,513
28/07/2021,514
29/07/2021,515
30/07/2021,516
31/07/2021,517
01/08/2021,518
02/08/2021,519
03/08/2021,520
04/08/2021,521
05/08/2021,522
06/08/2021,523
07/08/2021,524
08/08/2021,525
09/08/2021,526
10/08/2021,527
11/08/2021,528
12/08/2021,529
13/08/2021,530
14/08/2021,531
15/08/2021,532
16/08/2021,533
17/08/2021,534
18/08/2021,535
19/08/2021,536
20/08/2021,537
21/08/2021,538
22/08/2021,539
23/08/2021,540
24/08/2021,541
25/08/2021,542
26/08/2021,543
27/08/2021,544
28/08/2021,545
29/08/2021,546
30/08/2021,547
31/08/2021,548
01/09/2021,549
02/09/2021,550
03/09/2021,551
04/09/2021,552
05/09/2021,553
06/09/2021,554
07/09/2021,555
08/09/2021,556
09/09/2021,557
10/09/2021,558
11/09/2021,559
12/09/2021,560
13/09/2021,561
14/09/2021,562
15/09/2021,563
16/09/2021,564
17/09/2021,565
18/09/2021,566
19/09/2021,567
20/09/2021,568
21/09/2021,569
22/09/2021,570
23/09/2021,571
24/09/2021,572
25/09/2021,573
26/09/2021,574
27/09/2021,575
28/09/2021,576
29/09/2021,577
30/09/2021,578
01/10/2021,579
02/10/2021,580
03/10/2021,581
04/10/2021,582
05/10/2021,583
06/10/2021,584
07/10/2021,585
08/10/2021,586
09/10/2021,587
10/10/2021,588
11/10/2021,589
12/10/2021,590
13/10/2021,591
14/10/2021,592
15/10/2021,593
16/10/2021,594
17/10/2021,595
18/10/2021,596
19/10/2021,597
20/10/2021,598
21/10/2021,599
22/10/2021,600
23/10/2021,601
24/10/2021,602
25/10/2021,603
26/10/2021,604
27/10/2021,605
28/10/2021,606
29/10/2021,607
30/10/2021,608
31/10/2021,609
01/11/2021,610
02/11/2021,611
03/11/2021,612
04/11/2021,613
05/11/2021,614
06/11/2021,615
07/11/2021,616
08/11/2021,617
09/11/2021,618
10/11/2021,619
11/11/2021,620
12/11/2021,621
13/11/2021,622
14/11/2021,623
15/11/2021,624
16/11/2021,625
17/11/2021,626
18/11/2021,627
19/11/2021,628
20/11/2021,629
21/11/2021,630
22/11/2021,631
23/11/2021,632
24/11/2021,633
25/11/2021,634
26/11/2021,635
27/11/2021,636
28/11/2021,637
29/11/2021,638
30/11/2021,639
01/12/2021,640
02/12/2021,641
03/12/2021,642
04/12/2021,643
05/12/2021,644
06/12/2021,645
07/12/2021,646
08/12/2021,647
09/12/2021,648
10/12/2021,649
11/12/2021,650
12/12/2021,651
13/12/2021,652
14/12/2021,653
15/12/2021,654
16/12/2021,655
17/12/2021,656
18/12/2021,657
19/12/2021,658
20/12/2021,659
21/12/2021,660
22/12/2021,661
23/12/2021,662
24/12/2021,663
25/12/2021,664
26/12/2021,665
27/12/2021,666
28/12/2021,667
29/12/2021,668
30/12/2021,669
31/12/2021,670